title,company,location,link
" Computer Vision, Image Guided Surgery, Medical Imaging",ImFusion GmbH, München; Munich,https://stackoverflow.com//jobs/companies/imfusion-gmbh?c=G4zcafjWAwjWpYU8&q=Python
" Databases, Enterprise Software, Information Technology",Stardog Union, Arlington,https://stackoverflow.com//jobs/companies/Stardog-Union?c=y69d7xMTEOoXdd8k&q=Python
" Machine Learning, Medical Devices, Virtual Reality",ZEISS Group, München; Oberkochen; Jena,https://stackoverflow.com//jobs/companies/zeiss-group?c=wSZsZcs7hw9jnaco&q=Python
" Casino, Gaming",LeoVegas Mobile Gaming Group, Stockholm; Västerås; Växjö,https://stackoverflow.com//jobs/companies/leovegas-mobile-gaming-group?c=LclShHGZH6k8RHoI&q=Python
" E-Commerce, Information Technology, Retail",Breuninger GmbH & Co., Düsseldorf; Stuttgart,https://stackoverflow.com//jobs/companies/breuninger-gmbh-co?c=AE472SJw62RXGXAs&q=Python
 Software Development / Engineering,Baker Hughes, Houston; Cramlington; Groby,https://stackoverflow.com//jobs/companies/baker-hughes?c=OzPVFwyuyrVybDZS&q=Python
" Cybersecurity, DevOps, Internet Infrastructure",Copado Strategic Services, San Francisco,https://stackoverflow.com//jobs/companies/copado-strategic-services?c=lodrCV4kR2FzzQOs&q=Python
" Accounting, Consulting, Taxes",Deloitte Deutschland, Frankfurt am Main; Düsseldorf; Hamburg,https://stackoverflow.com//jobs/companies/deloitte-deutschland?c=qVrxYMw0x0HGW1NK&q=Python
" Financial Services, Financial Technology, Payment Network",Adyen., Madrid; Chicago; Amsterdam,https://stackoverflow.com//jobs/companies/adyen?c=OKmEJlygAguydCXC&q=Python
" Financial Services, Insurance",Assurance, Toronto; Seattle; Fort Lauderdale,https://stackoverflow.com//jobs/companies/assurance?c=Og95xe6d3uWGaenC&q=Python
" Data & Analytics, Databases, Information Technology",Y42, Ho Chi Minh City; Berlin; Albania,https://stackoverflow.com//jobs/companies/y42?c=OHrlkaPyf5TgZiA8&q=Python&pg=2
 Health & Fitness,AllTrails, San Francisco,https://stackoverflow.com//jobs/companies/alltrails?c=OpjcBHyIwDmy9F28&q=Python&pg=2
" Business to Business, Security Software",Enveil, Fulton,https://stackoverflow.com//jobs/companies/enveil?c=H6BWXkIpgz5wMnBe&q=Python&pg=2
" Information Technology, Marketing, Retail",Next , Leicester; South Elmsall,https://stackoverflow.com//jobs/companies/next?c=OLl5RJNaHk1DXJKM&q=Python&pg=2
" Education Technology, SaaS",Udemy, Mountain View; Austin; Denver,https://stackoverflow.com//jobs/companies/udemy?c=OJodAXjmtcXstwas&q=Python&pg=2
" Information Technology, IT Security, Network Security","Sailpoint Technologies, Inc.", Austin,https://stackoverflow.com//jobs/companies/sailpoint-technologies-inc?c=Jp1TqEDDuNayVZfi&q=Python&pg=2
" Biotechnology, Pharmaceuticals, Science",Thermo Fisher Scientific Careers, Hyderabad; Budapest; Austin,https://stackoverflow.com//jobs/companies/thermo-fisher-scientific-careers?c=OIpMsz4sm9qmJpni&q=Python&pg=2
 Financial Technology,Yoco, Cape Town; Amsterdam; Johannesburg,https://stackoverflow.com//jobs/companies/yoco?c=OJYtSofU8DSvVbry&q=Python&pg=2
" Computer Software, eCommerce, Health Care",Fullscript, Ottawa; Scottsdale,https://stackoverflow.com//jobs/companies/fullscript?c=finNYb5x8ybFjMFW&q=Python&pg=2
" E-Commerce, Online Advertising, SaaS",Adference GmbH, Lüneburg,https://stackoverflow.com//jobs/companies/adference-gmbh?c=LQ7JpfTV8CTVcY9i&q=Python&pg=2
" Industrial Automation, Software Development / Engineering, SCADA",Inductive Automation , Folsom,https://stackoverflow.com//jobs/companies/inductive-automation?c=OKsHrAnmcaE3NeQ8&q=Python&pg=3
" Retail, Technical Services, Web Technology",The Home Depot, No office location,https://stackoverflow.com//jobs/companies/the-home-depot?c=OHxo2pEDR02MyUsE&q=Python&pg=3
" Hardware Development, Semiconductors, Software Development / Engineering",ASML, Chandler; Veldhoven; East District,https://stackoverflow.com//jobs/companies/asml?c=o64OkE4bEEMwDUXe&q=Python&pg=3
" Enterprise Software, SaaS, Virtual Events",SpotMe, Sofia; Lausanne,https://stackoverflow.com//jobs/companies/spotme?c=9KnlUp38zkXHSY8&q=Python&pg=3
" Banking, Finance",Nordea, Pomeranian Voivodeship; Łódź; Stockholm,https://stackoverflow.com//jobs/companies/nordea?c=OL90rg8ZtvICOvZK&q=Python&pg=3
" Cloud-Based Solutions, Information Technology, SaaS",atma.io , Graz; Zagreb,https://stackoverflow.com//jobs/companies/atmaio?c=OxiN7j88ETWjfL8s&q=Python&pg=3
" E-Commerce, Food & Beverage",HelloFresh, Berlin; Boulder; Toronto,https://stackoverflow.com//jobs/companies/hellofresh?c=OKQSixFIDNg65Gmc&q=Python&pg=3
" Agile Software Development, Automotive",MBition (Mercedes Benz AG), Berlin,https://stackoverflow.com//jobs/companies/mbition-mercedes-benz-ag?c=OHDqKEtJsUci8wla&q=Python&pg=3
" Hardware Engineering, Software Development / Engineering, Telecommunications",Dell Technologies, Seattle; Round Rock; Hopkinton,https://stackoverflow.com//jobs/companies/dell-technologies?c=OKaziRU5msbx4pcA&q=Python&pg=3
" Agile Software Development, Software Development / Engineering, Technology Staffing",Andela, No office location,https://stackoverflow.com//jobs/companies/andela?c=NH9nnogIzlSQXTIk&q=Python&pg=3
" Financial Services, Financial Technology",Capital Group, San Antonio; Irvine; Los Angeles,https://stackoverflow.com//jobs/companies/capital-group?c=OF6icr3nzmd3cDtK&q=Python&pg=4
" Automotive, Electronics, Information Technology",PHOENIX CONTACT GmbH & Co. KG, Blomberg,https://stackoverflow.com//jobs/companies/phoenix-contact-gmbh-co-kg?c=OJugjc8s576Y382Y&q=Python&pg=4
" Agile Software Development, Automotive, Mobility",FINN, München,https://stackoverflow.com//jobs/companies/finn?c=MoDdZTBXzfccxfq0&q=Python&pg=4
" Cloud Computing, Information Technology, Internet of Things",Canonical, Taipei City; London; Montreal,https://stackoverflow.com//jobs/companies/canonical?c=NQTKJiFLHVdMoZDW&q=Python&pg=4
" Banking, Financial Services, Financial Technology",CREDIT SUISSE AG, London; Zürich; Navi Mumbai,https://stackoverflow.com//jobs/companies/credit-suisse-ag?c=OI1BBBM5UwOkqXRe&q=Python&pg=4
" Agile Software Development, Enterprise Software, Software Development / Engineering",Zühlke Engineering GmbH, Eschborn; München; Stuttgart,https://stackoverflow.com//jobs/companies/z%C3%BChlke-engineering-gmbh?c=M1eIKvQePSnYGCo8&q=Python&pg=4
 Financial Services,JPMorgan Chase & Co., Buenos Aires; Herzliya; Bengaluru,https://stackoverflow.com//jobs/companies/jpmorgan-chase-co?c=NjWXyu9b3NnEguru&q=Python&pg=4
" Big Data, Enterprise Software, Information Technology",Vertica, Cambridge; Pittsburgh,https://stackoverflow.com//jobs/companies/vertica?c=OIjJKkfmKfgR9NuM&q=Python&pg=4
" Agile Software Development, Autonomous Driving, Computer Vision",CARIAD , Nürnberg; Wolfsburg; Mönsheim,https://stackoverflow.com//jobs/companies/cariad?c=OEdTMhDz4cPt28z6&q=Python&pg=4
" Broadcast, Digital Media, Digital Video Distribution",Warner Bros. Discovery, Knoxville; Sterling; New York,https://stackoverflow.com//jobs/companies/warner-bros-discovery?c=MQTUVeAcRTFT6qpG&q=Python&pg=4
 IT Consulting,Lufthansa Industry Solutions, Wolfsburg; Wetzlar; Stuttgart,https://stackoverflow.com//jobs/companies/lufthansa-industry-solutions?c=OK4wAD4ZKy21uNk4&q=Python&pg=5
" Agile Software Development, Messaging, Mobile Application",Flip App, Stuttgart,https://stackoverflow.com//jobs/companies/flip-app?c=OJ02K0101Alqb4Eo&q=Python&pg=5
" Artificial Intelligence, Electronics, Software Development / Engineering",Motius GmbH, München; Stuttgart; Serbien,https://stackoverflow.com//jobs/companies/motius-gmbh?c=npLOESqUjAdvmLle&q=Python&pg=5
" Cybersecurity, Defence & Security",BAE Systems Digital Intelligence, Manchester; Brockworth; Leeds,https://stackoverflow.com//jobs/companies/bae-systems-digital-intelligence?c=OGX7KYI6bz7J7fby&q=Python&pg=5
 Information Technology,Adevinta, Barcelona; Paris,https://stackoverflow.com//jobs/companies/adevinta?c=O3toM8YrzL0tuO4w&q=Python&pg=5
" Consulting, Software Development / Engineering",Zuhlke Engineering Ltd, Manchester; Edinburgh; London,https://stackoverflow.com//jobs/companies/zuhlke-engineering-ltd?c=qiKaHRn4OrOvUtIQ&q=Python&pg=5
" Artificial Intelligence, CMS, eCommerce",Ucraft, Warsaw; Yerevan; Tehran,https://stackoverflow.com//jobs/companies/ucraftcom?c=OLf39uY55pS8o7Sg&q=Python&pg=5
 Consumer Electronics,Apple, Cupertino; Austin; Haifa,https://stackoverflow.com//jobs/companies/apple?c=smlsIQ2y70A8LdIs&q=Python&pg=5
" eCommerce, Information Technology",funda, Amsterdam,https://stackoverflow.com//jobs/companies/funda-real-estate-bv?c=Jpk1zn6UkvD5EOSQ&q=Python&pg=5
" Automotive, Mobility Services, ridesharing",MOIA GmbH, Berlin; Hamburg,https://stackoverflow.com//jobs/companies/moia-gmbh?c=JMwroherQ48ime9G&q=Python&pg=5
" Agile Software Development, Computer Software",Zuhlke Engineering EOOD, Sofia,https://stackoverflow.com//jobs/companies/zuhlke-engineering-eood?c=M1wQTejvFAQvps1G&q=Python&pg=6
" eCommerce, Food & Beverage, Logistics & Distribution",Delivery Hero SE, Berlin,https://stackoverflow.com//jobs/companies/delivery-hero-se?c=sgMY3d4ognQ71oB2&q=Python&pg=6
" E-Commerce, Information Technology, Logistics and Supply Chain",Picnic, Düsseldorf; Amsterdam,https://stackoverflow.com//jobs/companies/picnic?c=mvUJNSg2ZCkHfGvu&q=Python&pg=6
 Healthcare,Abbott, California; Orlando; Bend,https://stackoverflow.com//jobs/companies/abbott?c=OH3atdxbNtheGR44&q=Python&pg=6
" Automotive, Transportation",Ford Motor Company, Dearborn; Palo Alto; Detroit,https://stackoverflow.com//jobs/companies/ford-motor-company?c=OGsUbMAE82mbfbMY&q=Python&pg=6
" Digital Health, Enterprise Software, Software Development / Engineering",3M Health Information Systems and The Digital Science Community , Albany; Silver Spring; Pittsburgh,https://stackoverflow.com//jobs/companies/3m-health-information-systems-and-the-digital-science-community?c=OHliBW0sDbJLpGHC&q=Python&pg=6
 Financial Technology,PayPay Corporation., No office location,https://stackoverflow.com//jobs/companies/paypay-corporation?c=LGtoLAjXBXIvlu6c&q=Python&pg=6
" Cloud Computing, Cloud Services, Cloud-Based Solutions",Amazon Web Services (AWS), No office location,https://stackoverflow.com//jobs/companies/amazon-web-services-aws?c=OIvPaNTxY3zSj1fO&q=Python&pg=6
 eCommerce,Catawiki, Amsterdam,https://stackoverflow.com//jobs/companies/catawiki?c=gtoApgik3V46wogw&q=Python&pg=6
" Finance, Financial Services, Financial Technology",Fidelity Investments, Westlake; Salt Lake City; Durham,https://stackoverflow.com//jobs/companies/fidelity-investments?c=OHVyTmX0iCEORlYI&q=Python&pg=6
 Information Technology,Endava Plc, Serbia; North Macedonia; Bosnia and Herzegovina,https://stackoverflow.com//jobs/companies/endava-plc?c=OL2XJ1jTRBz7eU7e&q=Python&pg=7
" HR Services, SaaS",Justworks, New York,https://stackoverflow.com//jobs/companies/justworks?c=OLPjqVUCKQNbPN9m&q=Python&pg=7
" Financial Services, Financial Technology",Northwestern Mutual, Milwaukee; New York,https://stackoverflow.com//jobs/companies/northwestern-mutual?c=OJGlJFMDiVpZclO0&q=Python&pg=7
 Retail,"DICK'S Sporting Goods, Inc. ", No office location,https://stackoverflow.com//jobs/companies/dicks-sporting-goods-inc?c=OIU01LbUpGbUBsLS&q=Python&pg=7
 IT Consulting,Luxoft , Wrocław; Gdańsk; Torino,https://stackoverflow.com//jobs/companies/luxoft?c=OFoql9wEp4FzVt7i&q=Python&pg=7
" Capital Markets, Financial Technology, High Frequency Trading",IMC Trading, Amsterdam; Chicago; The Rocks,https://stackoverflow.com//jobs/companies/imc-trading?c=btZFEmN3xefHtdok&q=Python&pg=7
" E-Commerce, Retail",BAUHAUS AG, Mannheim,https://stackoverflow.com//jobs/companies/bauhaus-ag?c=OJSra9qOwJJ0lzz2&q=Python&pg=7
" Cybersecurity, IT Security",G DATA CyberDefense AG, Bochum,https://stackoverflow.com//jobs/companies/g-data-cyberdefense-ag?c=OHPwb87UGIvjhK6c&q=Python&pg=7
" Data & Analytics, Financial Technology, News",Bloomberg LP, New York; Princeton; London,https://stackoverflow.com//jobs/companies/bloomberg?c=3NdBKWpogs5Te1LW&q=Python&pg=7
" Banking, Financial Services, Financial Technology",Commonwealth Bank, Sydney; Eveleigh,https://stackoverflow.com//jobs/companies/commonwealth-bank?c=OGmRtxLyw8cFFzUs&q=Python&pg=7
" Data Science, IT Security, Software Development / Engineering",Zühlke Engineering AG, Bern; Schlieren,https://stackoverflow.com//jobs/companies/z%C3%BChlke-engineering-ag?c=M18G2h19dYet70vC&q=Python&pg=8
" Agile Software Development, Content Marketing, Web Technology",Audible, Newark; Cambridge; Seattle,https://stackoverflow.com//jobs/companies/audible?c=c8xStPAHS03ypnb2&q=Python&pg=8
" Internet of Things, Manufacturing, Software Development / Engineering",Caterpillar Inc., Chicago; Peoria; Bengaluru,https://stackoverflow.com//jobs/companies/caterpillar-inc?c=OIdH25qh8l7lAbCg&q=Python&pg=8
" Marketplace, Software Development, Sports Technology",DraftKings, Boston; Las Vegas; Sofia,https://stackoverflow.com//jobs/companies/draftkings?c=hDV9h9nEVLaZQWsw&q=Python&pg=8
" Banking, Finance, Financial Technology",Erste Digital, Wien; Praha 4; Bratislava,https://stackoverflow.com//jobs/companies/erste-digital?c=OKKPAiQD1T6Aw4tG&q=Python&pg=8
" Banking, Finance, Financial Technology",ING Deutschland, Frankfurt am Main; Nürnberg,https://stackoverflow.com//jobs/companies/ing-deutschland?c=ia5AK3jwGDN3oyCQ&q=Python&pg=8
" Consulting, Software Development / Engineering",Deloitte US, Baton Rouge; New Orleans; Louisville,https://stackoverflow.com//jobs/companies/deloitte-us?c=OM1oRpyNYF6cZ0Uo&q=Python&pg=8
" Bonusprogramm, Product Development, Software Development",PAYBACK, München; Wien; Köln,https://stackoverflow.com//jobs/companies/PAYBACK?c=p24QSUn2qy2xor8k&q=Python&pg=8
" Finance, Financial Services, Insurance",If P&C Insurance, Mölndal; Hvidovre; Espoo,https://stackoverflow.com//jobs/companies/if-p-c-insurance?c=OtHaIsDN2ogt09Bm&q=Python&pg=8
" Consulting, Product Development, Technology Consulting",PwC, New York,https://stackoverflow.com//jobs/companies/pwc?c=BaOONdBVwmp4Gf1S&q=Python&pg=8
" Corporate Training, Education, Higher Education",QA Group, Edinburgh; Cheltenham; Glasgow,https://stackoverflow.com//jobs/companies/qa-group?c=OLDe0sgrx2uaGzok&q=Python&pg=9
라인프렌즈 2022년 각 부문 수시,라인프렌즈,서울 용산구,https://kr.indeed.com/viewjob?jk=1015284880e2ff62
R&D분야 경력사원 (마곡/대전),LG화학,서울특별시,https://kr.indeed.com/viewjob?jk=5a08e103f073e6b1
[우리에프아이에스] 경력직 직원,우리에프아이에스,서울 마포구,https://kr.indeed.com/viewjob?jk=f372ca61fa5a0a18
(신입/인턴) 리서치 사회조사 연구원,리서치앤유,서울 성동구,https://kr.indeed.com/viewjob?jk=a8a2e292ef8b0528
"Student Training in Engineering Program (STEP) 2022, People with Disabilities (장애인 채용)",Google,대한민국,https://kr.indeed.com/viewjob?jk=f8fe6fe8d5e8f401
[HDC 랩스] 2022년 경력 수시,현대산업개발,서울특별시,https://kr.indeed.com/viewjob?jk=676aa754cf756afe
[TmaxOS/R&D] OS부문 개발자,티맥스소프트,성남 분당구,https://kr.indeed.com/viewjob?jk=c77efc7bb98239d8
Technical Support Engineer-AI&IoT,Microsoft,서울,https://kr.indeed.com/viewjob?jk=69d8b28653cb054d
Technical Support Engineering-AKS,Microsoft,서울,https://kr.indeed.com/viewjob?jk=6d4c339f382395ab
Software,ASML,대한민국,https://kr.indeed.com/viewjob?jk=c7c700a8d7bd4b6e
Software Engineer,Google,서울,https://kr.indeed.com/viewjob?jk=0cb4a784529cb1b8
[인텔리전스랩스] 데이터 분석가 (ML 서비스 및 로그 분석),Nexon,경기도 성남,https://kr.indeed.com/viewjob?jk=7b89aebb86d5058d
딥러닝 기반 Computer Vision 개발자,에스케이텔레콤,서울 중구,https://kr.indeed.com/viewjob?jk=4cf24d3dd5919469
2022년 7월 LG화학 신입사원 (학/석사),LG화학,서울 영등포구,https://kr.indeed.com/viewjob?jk=7766f49e6de35020
한국필립모리스 2022년 상반기 수시,한국필립모리스㈜,서울 영등포구,https://kr.indeed.com/viewjob?jk=44e9ac7f0f94e784
2022년 7월 경력사원 (구매),LG에너지솔루션,서울,https://kr.indeed.com/viewjob?jk=4bd25141ca1b8639
[Cartier] Data Analyst,Cartier,서울,https://kr.indeed.com/viewjob?jk=26c133b0874ce9ce
[TmaxAI/R&D] NLP/음성 부문 AI모델 개발자(*전문연구요원 병역특례포함),티맥스소프트,성남 분당구,https://kr.indeed.com/viewjob?jk=91a52c936ba47b1a
SK 케미칼 Digital Transformation 담당 경력,SK 케미칼,성남 분당구,https://kr.indeed.com/viewjob?jk=6f75ec3e37c43cd3
"[IT] 서버 엔지니어[매니저, 책임매니저]",현대자동차그룹,대한민국,https://kr.indeed.com/viewjob?jk=d4d03b82f1fd02af
데이터 사이언스 분야 경력,LG전자,서울특별시,https://kr.indeed.com/viewjob?jk=55c025fc49316d27
Python 기반 빅데이터 처리 개발자,드림어스컴퍼니,서울 서초구,https://kr.indeed.com/viewjob?jk=d364360d1e0368e3
[LX세미콘] 2022년 7월 R&D Super Rookie,엘엑스세미콘,서울 강남구,https://kr.indeed.com/viewjob?jk=71ff8fcb25b87485
2022 신입/경력 사원,동아오츠카,서울 동대문구,https://kr.indeed.com/viewjob?jk=37a2bf22544fc5ab
"Full Stack Software Engineer, TensorFlow Extended (English)",Google,서울,https://kr.indeed.com/viewjob?jk=2252bd5d0ed5210a
경남 인공지능/블록체인 교육과정 (2022 ICT이노베이션스케워 확산 사업),재단법인 한국에이아이블록체인융합원,대한민국,https://kr.indeed.com/viewjob?jk=df1a4900d5aaae78
[정보보안] 침해대응[매니저],현대자동차그룹,대한민국,https://kr.indeed.com/viewjob?jk=bf926e1e103f39b1
Python 기반 빅데이터분석가,이노포스트 관심기업,서울 방배동,https://kr.indeed.com/viewjob?jk=9a9bd236f2d05ff3
"R&D Engineer, Sr Staff",Synopsys,경기도 성남,https://kr.indeed.com/viewjob?jk=3baeeb38be431566
자산운용팀 전략/리스크팀 퀀트(겨울방학 인턴),마이퍼스트에셋자산운용,대한민국,https://kr.indeed.com/viewjob?jk=872035f47cfd4850
인공지능(딥러닝) 로봇 자동화 소프트웨어 개발자(Python우대),주식회사 토트 관심기업,서울 성수동1가,https://kr.indeed.com/viewjob?jk=058e9510f9548e49
네이버 파이낸셜 플랫폼 운영,NIT Service,성남 서현동,https://kr.indeed.com/viewjob?jk=807cfa585cf72eec
빅데이터 분야,LG유플러스,서울,https://kr.indeed.com/viewjob?jk=67c19d7ac0857ecd
Technical Consultant,Veeva Systems,경기도,https://kr.indeed.com/viewjob?jk=d1dd8d47fe59b61c
Software Developer,Oracle,,https://kr.indeed.com/viewjob?jk=d7ea0d6abeeb7301
[선행기술원] Virtual검증 _ 검증/해석[책임연구원],현대자동차그룹,성남 판교역,https://kr.indeed.com/viewjob?jk=0d571c647c477c68
포렌식 분석가,안랩,성남 분당구,https://kr.indeed.com/viewjob?jk=ed264b4c7114ebc0
2022년 7월 경력사원 (SCM),LG에너지솔루션,서울,https://kr.indeed.com/viewjob?jk=08c907cde463d712
"영상처리, 컴퓨터 비전 전문가 (신입/경력)",에바,성남 수정구,https://kr.indeed.com/viewjob?jk=2642a83874ea6bab
UX Researcher,LINE Plus corporation,대한민국,https://kr.indeed.com/viewjob?jk=23dba89edb8a10d9
AI 분야,LG유플러스,서울,https://kr.indeed.com/viewjob?jk=abdc136f65ceddd4
데이터 엔지니어/클라우드 엔지니어/데이터 플랫폼 개발분야 경력사원,LG전자,서울특별시,https://kr.indeed.com/viewjob?jk=f870e8c6ab4babcf
Quantitative Researcher,WorldQuant,서울,https://kr.indeed.com/viewjob?jk=9ce415e3e77e1088
[TmaxEdu/R&D] Edu 연구 개발자,티맥스소프트,성남 분당구,https://kr.indeed.com/viewjob?jk=3f8f8c0b6c5c37c8
AI Research Engineer,Intel,서울,https://kr.indeed.com/viewjob?jk=b22adf00b47eaa32
[EY한영] 세무본부 PAS팀 IT 개발 담당 계약직 채용,EY,서울 영등포구,https://kr.indeed.com/viewjob?jk=834c7b3ef1e26098
Software Engineer - Python and K8s,Canonical - Jobs,서울,https://kr.indeed.com/viewjob?jk=9e154b5b00d09b31
[정보보안] 모의해킹[책임매니저],현대자동차그룹,대한민국,https://kr.indeed.com/viewjob?jk=78e77be539dbf026
클라우드 기술지원 엔지니어,NHN Enterprise,성남 판교역,https://kr.indeed.com/viewjob?jk=df0bb90702bee2ac
ML/DL Data Scientist,현대카드 캐피탈,서울 영등포구,https://kr.indeed.com/viewjob?jk=8d82ffc3587320ea
Developer / Designer recruit,마이뮤직테이스트,서울 논현동,https://kr.indeed.com/viewjob?jk=55a19c92c845685e
"S/W 엔지니어, 데이터분석 신입/경력 정규직, 인턴",가치랩스,성남 분당구,https://kr.indeed.com/viewjob?jk=5ea9ea023c6ccc03
Software Engineer,GE Healthcare,경기도 성남,https://kr.indeed.com/viewjob?jk=13b675c6f73ff110
"데이터베이스개발자, 웹개발 신입/경력 정규직",여의도사람들,서울 영등포구,https://kr.indeed.com/viewjob?jk=e91b5984e7f5d3fd
"2022년 현대건설 기술연구원 신사업(수소/CCUS), 플랜트 및 스마트건설 경력직 채용",현대건설,대한민국,https://kr.indeed.com/viewjob?jk=6dc2c7510b15b5ce
2022년 7월 경력사원 (제조지능화),LG에너지솔루션,충청북도 청주,https://kr.indeed.com/viewjob?jk=26e18b8d1527c4da
[기술본부] 데이터거버넌스 엔지니어,Nexon,경기도 성남,https://kr.indeed.com/viewjob?jk=d37ee1c76b41a9aa
"Associate Software Engineer, gReach Program for Veterans (보훈대상자)",Google,서울,https://kr.indeed.com/viewjob?jk=2d887b3032ebc835
한국행동과학연구소 각 부문 수시,한국행동과학연구소,서울 강남구,https://kr.indeed.com/viewjob?jk=287a2f9783758916
대용량 분산 스토리지 개발자 모집,카카오,대한민국,https://kr.indeed.com/viewjob?jk=ffc95eb386fd0b88
[kt ds] 2022년 각 부문별 경력사원 수시,케이티디에스,서울 서초구,https://kr.indeed.com/viewjob?jk=b515669e8032265b
서버 개발자 Python(Django) Developer (주니어),아테나스랩,서울 마포구,https://kr.indeed.com/viewjob?jk=4abf59df14cb4390
생명정보학 부문 박사졸 선임연구원 정규직 정규직,카이팜,서울 서대문구,https://kr.indeed.com/viewjob?jk=3cd339cf8959f44d
[수시 ] 개발 부문별 경력자,SK플래닛 Tacademy,성남 분당구,https://kr.indeed.com/viewjob?jk=c7fd71312de45823
"응용프로그램개발,인공지능(AI),머신러닝,Python,TensorFlow",(주)에이아이시스템즈 관심기업,서울 역삼동,https://kr.indeed.com/viewjob?jk=eb926fc0cbbd16d1
"Technician, Engineering",Western Digital,서울,https://kr.indeed.com/viewjob?jk=397698fdd5069a0e
전문연구요원 (병역특례) 수시 (AI / HW 분야),딥엑스,성남 분당구,https://kr.indeed.com/viewjob?jk=78e99625e5de3c95
[정규직] 2022년 소프트웨어 연구개발 신입/경력 사원,스카이시스,울산 북구,https://kr.indeed.com/viewjob?jk=9f50e72b1130520d
DL이앤씨 경력사원 (정규직),DL이앤씨,서울 종로구,https://kr.indeed.com/viewjob?jk=b27931988d4bc587
Data Center Manager – Datacenter Operations,Oracle,서울,https://kr.indeed.com/viewjob?jk=fa76bd8f7c6cda89
DT운영팀 경력직,에스케이쉴더스,서울 강남구,https://kr.indeed.com/viewjob?jk=f53e18e982b309fe
응용소프트웨어 신입 경력 초빙,쿠노소프트,서울 성북구,https://kr.indeed.com/viewjob?jk=8939aa3561d700c2
AI Frameworks Engineer,Intel,서울,https://kr.indeed.com/viewjob?jk=07aab0cc98af9ffe
[2022 전문연구요원] AI R&D - Language AI,엔씨소프트,성남 판교역,https://kr.indeed.com/viewjob?jk=192c20f6f0f64ab3
Data 분야 경력,LG CNS,서울,https://kr.indeed.com/viewjob?jk=6d86e9f32d31c84f
[응용분석팀] 사용자 프로파일 연구 및 개발,카카오,성남 판교역,https://kr.indeed.com/viewjob?jk=503269b3ed64cb1f
"Partner Solutions Engineer, YouTube (English, Korean)",YouTube,서울,https://kr.indeed.com/viewjob?jk=3569cddb459c3fb8
[IT] 고객데이터 서비스 플랫폼 기획[책임매니저],현대자동차그룹,대한민국,https://kr.indeed.com/viewjob?jk=3a7627d63e147bb0
[IT] 빅데이터 엔지니어[책임매니저],현대자동차그룹,대한민국,https://kr.indeed.com/viewjob?jk=d2bd6281a9514533
"서버엔진 개발자 정규직 직원 ( C++, Python )",하몬소프트,서울 금천구,https://kr.indeed.com/viewjob?jk=0b15c7881ef76f10
BRAIN Researcher,WorldQuant,서울,https://kr.indeed.com/viewjob?jk=e68d3e5ddd3fd104
웹 개발자 경력 Java/Php/Javascript/Python/Html/CSS 등 프로젝트 경력자,바이오브레인,대전 서구,https://kr.indeed.com/viewjob?jk=941687b6bbb14d81
[넥슨코리아] 클라우드 시스템 엔지니어,Nexon,경기도 성남,https://kr.indeed.com/viewjob?jk=37f51a8d4e34cfce
"Software Engineer, Camera 3A",Google,서울,https://kr.indeed.com/viewjob?jk=af846ce8ea8351ab
2022 GEDP (Global Engineering Development Program),GE Appliances,경기도 성남,https://kr.indeed.com/viewjob?jk=707ea4e741502247
Python Developer (Internal Product),비바리퍼블리카,서울 강남구,https://kr.indeed.com/viewjob?jk=dc05a8dff101cd4a
Data Scientist (KOREA),No deviation Pte Ltd,충청북도 청주,https://kr.indeed.com/viewjob?jk=ea23e376c32ece8b
"데이터 파이프라인 구축 및 운영[책임매니저(G3), 책임매니저(G4)]",현대자동차그룹,성남 판교역,https://kr.indeed.com/viewjob?jk=8a434fed99cb2307
"Data Scientist, Mid",Booz Allen Hamilton,경기도 평택,https://kr.indeed.com/viewjob?jk=c5134343b5cb05e0
[PPM솔루션 클로바인] 연구소 IT 테크 직군 선행연구 개발자,헤븐트리,서울 강남구,https://kr.indeed.com/viewjob?jk=ea23fdac1fec9112
카카오 전사QA 모집,카카오,성남 판교역,https://kr.indeed.com/viewjob?jk=9d0aa83c1e8f086e
"C#, 소프트웨어 or Python 기반 응용 S/W 개발 신입/경력",제스엔지니어링,서울 금천구,https://kr.indeed.com/viewjob?jk=ce8d603fe0a68951
Data Scientist,Boston Consulting Group,서울,https://kr.indeed.com/viewjob?jk=ccd4f5407a32ba6a
Security Engineer,Amazon Web Services Korea LLC,서울,https://kr.indeed.com/viewjob?jk=563aeb6282c64984
[11번가] 리테일 상품 Selection Planning 담당자,십일번가,서울 중구,https://kr.indeed.com/viewjob?jk=c6abf7f3c7f6b984
Business Analyst 인턴,컬리,서울 강남구,https://kr.indeed.com/viewjob?jk=df1f1c32f6f81b87
Data Scientist,Applied Materials,대한민국,https://kr.indeed.com/viewjob?jk=af88370fce76dd25
BRAIN Research Intern,WorldQuant,서울,https://kr.indeed.com/viewjob?jk=b0d41c1e1d898321
Test Floor Engineer,NVIDIA,대한민국,https://kr.indeed.com/viewjob?jk=9958b01fbec0228c
이엔유주식회사 소프트웨어 개발자 신입 인재,이엔유,대전 유성구,https://kr.indeed.com/viewjob?jk=1fe9300baa34183d
공통 AI 데이터분석 (경력),코나아이,서울 영등포구,https://kr.indeed.com/viewjob?jk=8f1491070d738fde
WebRTC UC & Collaboration Frontend & Backend Developer,Ericsson,서울,https://kr.indeed.com/viewjob?jk=31b6e760b3463ab7
[경일게임아카데미] 자바/ 파이썬(Java/ Python) 교강사 (워라밸),경일게임아카데미,서울 강동구,https://kr.indeed.com/viewjob?jk=a445ed37541a597a
각 분야별 인재 Pool 등록,지투알,서울,https://kr.indeed.com/viewjob?jk=a5e926e1d22cdc11
2022 하반기 1차 신입/경력,에이치엘클레무브,성남 분당구,https://kr.indeed.com/viewjob?jk=23ab8176e20f38a5
[IT] AI 플랫폼 엔지니어[책임매니저],현대자동차그룹,대한민국,https://kr.indeed.com/viewjob?jk=05559bea9218c507
AI Frameworks Engineer Intern,Intel,서울,https://kr.indeed.com/viewjob?jk=74dd680945a195f3
Software Engineer Intern,Intel,서울,https://kr.indeed.com/viewjob?jk=8ab99f09dbabedc5
클라우드 분야 경력,LG CNS,서울,https://kr.indeed.com/viewjob?jk=8a6b6ce0b31ec8d4
Data Scientist,Dupont,충청남도,https://kr.indeed.com/viewjob?jk=d4ed22617a5ea5f8
JR0186078 AI Research Engineer Intern,인텔코리아,서울,https://kr.indeed.com/viewjob?jk=016de9bb83a8032d
네트워크 엔지니어 모집,넷마블,서울 구로구,https://kr.indeed.com/viewjob?jk=7e84d50ec4d60c1d
"[해외취업] AIG, AmTrust, CNA 협력사 S 보험/금융서비스 기업 - IT 포지션 중!!",아이씨엔그룹,서울 역삼동,https://kr.indeed.com/viewjob?jk=26e84be3b29885c4
[마블러스] 백엔드 개발자 주니어/시니어,마블러스,대한민국,https://kr.indeed.com/viewjob?jk=0dad27533fee10c3
[MUSMA] IT 솔루션 스타트업 Data Science 팀원,무스마,서울,https://kr.indeed.com/viewjob?jk=7c13920359c16bdc
알고리즘/퀀트 전략 개발자,쿼터백자산운용,대한민국,https://kr.indeed.com/viewjob?jk=67b36859e9bd0d7c
"[AIRS] Data Scientist[연구원, 책임연구원]",현대자동차그룹,서울 강남구,https://kr.indeed.com/viewjob?jk=95d4044f1361c4c9
"Software Engineer, Machine Learning Model Optimization",Google,서울,https://kr.indeed.com/viewjob?jk=4378fee2c37a2b21
2022년 7월 경력사원 (공술),LG에너지솔루션,충청북도 청주,https://kr.indeed.com/viewjob?jk=8427ee2005e15603
Incident Response Data Engineer Lead,Booz Allen Hamilton,경기도 평택,https://kr.indeed.com/viewjob?jk=f560951274fd5cfb
항공 및 로보틱스 엔지니어 (경력),Nearthlab,서울 역삼역,https://kr.indeed.com/viewjob?jk=3545a67412a9af1d
"Charging Operations Specialist, APAC Charging (English Speaker Needed)",Tesla,서울 강남구,https://kr.indeed.com/viewjob?jk=a91e307a449bbf1f
Wlan Customer Engineer,26 Qualcomm CDMA Technologies (Korea) YH,경기도,https://kr.indeed.com/viewjob?jk=e19283e153910217
컴파일러 엔지니어(딥엑스),딥엑스,성남 분당구,https://kr.indeed.com/viewjob?jk=1b43aff116704c72
패션고 추천모델링 연구 개발,NHN FashionGo korea,성남 판교역,https://kr.indeed.com/viewjob?jk=e13c32ba4eff23da
[코어라인소프트] 인공지능 엔진 및 영상처리 개발자 찾습니다.,코어라인소프트,서울 마포구,https://kr.indeed.com/viewjob?jk=b91d39fdf4101a70
IT사업 경력/신입 사원,GS네오텍,서울 구로구,https://kr.indeed.com/viewjob?jk=29428afc2051cb99
Data Scientist,KB데이타시스템,서울 마포구,https://kr.indeed.com/viewjob?jk=9c30497c087dbdbb
기술 문서 작성 전문가,딥엑스,성남 분당구,https://kr.indeed.com/viewjob?jk=44f52ea73a6d25da
의료영상 인공지능 연구원,뉴로핏,서울 강남구,https://kr.indeed.com/viewjob?jk=5cc74e5c58c52e46
"[광고 추천] 데이터 사이언스, 머신러닝 전문가 영입",카카오,성남 판교역,https://kr.indeed.com/viewjob?jk=62207843f8aee746
[AI R&D] Language AI(NLP) Research 분야 수시(22년2차) 모집,엔씨소프트,성남 판교역,https://kr.indeed.com/viewjob?jk=e3317c0f4c0e4e13
침해분석대응 (CERT) 인력 모집,엔씨소프트,성남 판교역,https://kr.indeed.com/viewjob?jk=7d6a16d25a48550f
전산전문인력(~7/24),브이아이피자산운용,대한민국,https://kr.indeed.com/viewjob?jk=9df6721c511a06ad
[신입] 미래 인재 DB,현대오토에버,서울,https://kr.indeed.com/viewjob?jk=661cf773d598862b
"의료영상, 인공지능 외 신입/경력 정규직, 인턴",니어브레인,서울 강남구,https://kr.indeed.com/viewjob?jk=637daa5067e55e6c
"(보충역) 개발자(python, javascript, php등) 및 Network운영자",아틀라스네트웍스,서울,https://kr.indeed.com/viewjob?jk=f3b252243810377e
클라우드 보안 엔지니어,뱅크샐러드,서울 영등포구,https://kr.indeed.com/viewjob?jk=1821f45d4b71b3d8
[11번가] 데이터 엔지니어 분야,십일번가,서울 중구,https://kr.indeed.com/viewjob?jk=148c1a1c1cbd1419
서버 개발자 Python(Django) Developer (경력),아테나스랩,서울 마포구,https://kr.indeed.com/viewjob?jk=53c7c22b9dacbbe3
[SNOW] 렌더링 엔진 개발자,네이버,서울,https://kr.indeed.com/viewjob?jk=4d629fc25872003f
[위메프서비스] NLP Engineer,위메프,대한민국,https://kr.indeed.com/viewjob?jk=79b1c4cd15a6e3b4
모바일 운영서비스 빌드/배포/테스트 자동화 개발자,브롤브,서울 마포구,https://kr.indeed.com/viewjob?jk=8d8becaac19b958f
CDO Data Platform Engineer,LG유플러스,서울특별시,https://kr.indeed.com/viewjob?jk=f0a570ee950fdc39
HPC Engineer,Altair Engineering,경기도 성남,https://kr.indeed.com/viewjob?jk=35b6b35d86cf1718
[전문연구요원] 의료영상 리서치 엔지니어 정규직,메디픽셀,서울 마포구,https://kr.indeed.com/viewjob?jk=3544467a7b64376f
스마트팩토리/MES/인프라 부문 경력,현대오토에버,서울 강남구,https://kr.indeed.com/viewjob?jk=fedc7a2ce832e960
[해외취업] 전자 산업 테스트 솔루션 및 서비스 전문 기업 - 테스트 엔지니어 중!!,아이씨엔그룹,서울 역삼동,https://kr.indeed.com/viewjob?jk=6871e184f7651027
연구개발부문 [굴착기 구조/진동 밸리데이션(Validation) 엔지니어] 신입 / 경력,볼보그룹코리아,창원 성산구,https://kr.indeed.com/viewjob?jk=41a6df2cbe1fff64
Systems Engineer - Korea (1 year Contract),Fortinet,서울,https://kr.indeed.com/viewjob?jk=fe328d4d65e78fd6
딥러닝 통한 인공지능 솔루션 개발자,엘세븐시큐리티,서울 송파구,https://kr.indeed.com/viewjob?jk=554e814302b8a380
[EY컨설팅] 컨설팅본부 Data & Analytics팀 경력 컨설턴트 모집 (Senior ~ Manager),EY,서울 영등포구,https://kr.indeed.com/viewjob?jk=d6f52d1508c6333e
악성코드 및 엔드포인트 보안 엔지니어 모집,카카오,성남 판교역,https://kr.indeed.com/viewjob?jk=0e26e1dda4b9970b
[포티투마루] 인공지능(AI) 개발자 전 부문,포티투마루,서울 서초구,https://kr.indeed.com/viewjob?jk=22ffe020e40de675
[마비노기모바일] 연구 개발 프로그래머,데브캣,서울 강남구,https://kr.indeed.com/viewjob?jk=f0c7c08485085240
R&D 개발 신입 채용,연합인포맥스,서울 수송동,https://kr.indeed.com/viewjob?jk=90fbc1c2488bed24
[인재풀] 아티스트 ART,Electronic Arts,서울,https://kr.indeed.com/viewjob?jk=aac8e9355cb855ac
모바일 MDM 서비스 개발,안랩,성남 분당구,https://kr.indeed.com/viewjob?jk=9a664759d3439f34
IT분야 개발자,토이코스,세종특별자치시 세종,https://kr.indeed.com/viewjob?jk=247c20e6a6a0f678
8퍼센트 개발자 (신입/경력),8퍼센트,서울 종로구,https://kr.indeed.com/viewjob?jk=8af26b37623864c4
딥러닝 알고리즘 및 응용 Engineer,딥엑스,성남 분당구,https://kr.indeed.com/viewjob?jk=35f0a25dee5f3312
블록체인 기반 신규 서비스 개발자 (신입/경력),게임빌컴투스플랫폼,서울 금천구,https://kr.indeed.com/viewjob?jk=5ad569709941c60f
[램플코딩학원] 온오프라인 코딩 강사,밸류에잇 벤처스,대전 서구,https://kr.indeed.com/viewjob?jk=3415a2ec10f41d98
응용 프로그래머,더원제어계측,포항 북구,https://kr.indeed.com/viewjob?jk=63fbc0bc57e24943
(주)스타랩스 WEB 개발자 정규직,스타랩스,서울 강남구,https://kr.indeed.com/viewjob?jk=14333dd32b63a2a9
"경력신입사원 -본사, 울산공장",KP그룹,서울,https://kr.indeed.com/viewjob?jk=8331b82fdf789814
HR Data Analyst,에스케이머티리얼즈,서울,https://kr.indeed.com/viewjob?jk=5875aa3e46b4f383
빅데이터 분석 및 기획 부분 신입,오피니언라이브,서울 강서구,https://kr.indeed.com/viewjob?jk=dec6d0caa642a17c
모바일 게임 클라이언트/서버 프로그래머 모집의 기업정보,아울게임즈(주),대한민국,https://kr.indeed.com/viewjob?jk=fbf07f95a0eebe43
마케팅 플랫폼 데이터 엔지니어링 담당자 모집,넷마블,서울 구로구,https://kr.indeed.com/viewjob?jk=f5a8445589b3e827
Cloud Support Engineer (Afternoon Shift),Amazon Web Services Korea LLC,서울,https://kr.indeed.com/viewjob?jk=5dc54301b9b629e6
[IT] 글로벌 데이터 엔지니어 (DataOps)[경력],현대자동차그룹,대한민국,https://kr.indeed.com/viewjob?jk=4ec7710639ee8598
IT Ops Engineer,비바리퍼블리카,서울 강남구,https://kr.indeed.com/viewjob?jk=2cd6860adc411a59
[선릉역] Customer Support 엔지니어 (사원급),시니어앤파트너즈,서울 강남구,https://kr.indeed.com/viewjob?jk=7de8634c2cd2c926
Sr. Network Engineer,Harman International,서울,https://kr.indeed.com/viewjob?jk=a564ef713dce7f26
국내 대기업 - AI 및 딥러닝 관련 경력자,라피플코리아리미티드,서울,https://kr.indeed.com/viewjob?jk=3b7dbdf85a326a6d
[IT] 차량 데이터 엔지니어링 및 서비스 개발[신입],현대자동차그룹,대한민국,https://kr.indeed.com/viewjob?jk=d340b4ac7fbaeabc
Kafka 담당자 영입,카카오페이,성남 분당구,https://kr.indeed.com/viewjob?jk=97e9de2381da633d
각 부문 신입/경력 직원,한국전자금융,서울 마포구,https://kr.indeed.com/viewjob?jk=c00e56c9562df743
Machine Learning Researcher (Computer Vision),BOEING,서울,https://kr.indeed.com/viewjob?jk=b3c3e8cf34bf9eca
DBA 담당 팀장급,해커스,서울 강남구,https://kr.indeed.com/viewjob?jk=3b5d7b1c1b55fcbd
카카오 전체의 계정 플랫폼을 만들 서버개발자 모집,카카오,성남 판교역,https://kr.indeed.com/viewjob?jk=1399ee2f387a27dd
Maya Pipeline Developer/ Maya 파이프라인 개발자,Scanline VFX,서울,https://kr.indeed.com/viewjob?jk=b57a1d4f68494776
Video Design verification Engineer,Qcom,서울,https://kr.indeed.com/viewjob?jk=6b027a9ad78aafb2
"[리얼클래스]백엔드 개발자 (Backend Developer, Python)",퀄슨,서울 강남구,https://kr.indeed.com/viewjob?jk=7a3bd948cb37d9bf
(인천 송도) 인공지능(AI)분야 Python 개발 인력,애나,인천 연수구,https://kr.indeed.com/viewjob?jk=b6a035d43f41e23b
음성합성(TTS) 기술 전문가,에스케이텔레콤,서울 종로구,https://kr.indeed.com/viewjob?jk=b74f68a04bfffecb
하반기 신입(채용 연계형 인턴) 수시채용,홈앤쇼핑,서울 마곡동,https://kr.indeed.com/viewjob?jk=79fb95da6dff4025
[데이터 프로덕트] 실험(A/B Test) 분석가 모집,카카오,성남 판교역,https://kr.indeed.com/viewjob?jk=cdfd2d3169fac6f0
Developer Associate,SAP,서울,https://kr.indeed.com/viewjob?jk=fc6792be1be1e902
부문별 인재 모집,(주)토이코스 관심기업,세종특별자치시,https://kr.indeed.com/viewjob?jk=3ffd80712bee4fe8
[통합예약솔루션사업부문] 웹 서비스/운영 주니어 개발자. 경력직,에이치투오호스피탈리티,서울 강남구,https://kr.indeed.com/viewjob?jk=77bd7c75f9015ecf
데이터 애널리스트 (Data Analyst),뱅크샐러드,서울 영등포구,https://kr.indeed.com/viewjob?jk=0282c5728169ac62
Application Engineering Intern,Intel,서울,https://kr.indeed.com/viewjob?jk=b7e9e9d0811a05bd
Senior Data Scientist,NielsenIQ,서울,https://kr.indeed.com/viewjob?jk=fcca8bee03808ea7
[외국계 스타트업 미소] Business Analyst Intern (정규직 전환형),유한회사 미소,서울,https://kr.indeed.com/viewjob?jk=4c25d6649f8434a8
"[R&D] 차량제어기 무선 소프트웨어 업데이트 기술 개발[연구원, 책임연구원]",현대자동차그룹,대한민국,https://kr.indeed.com/viewjob?jk=2b44ffe1a35dc6fb
데이터 전문가(모델러/분석가/엔지니어) 모집,카카오,성남 판교역,https://kr.indeed.com/viewjob?jk=ac9068957c550cb3
AI 차세대 알고리즘 개발 분야 경력,LG전자,서울 서초구,https://kr.indeed.com/viewjob?jk=508bdf77df4f3973
AI 분야 경력,LG CNS,서울,https://kr.indeed.com/viewjob?jk=6d15c3420e935aea
System Engineer (토스뱅크),비바리퍼블리카,서울 강남구,https://kr.indeed.com/viewjob?jk=d3a063a898d727cc
백엔드 개발자,신한에이아이,서울 영등포구,https://kr.indeed.com/viewjob?jk=7328ad393e24a4df
Enterprise Technical Support,Notion,서울,https://kr.indeed.com/viewjob?jk=9f7ad2b23171f074
[IT] Data Scientist - 텍스트 데이터[매니저],현대자동차그룹,대한민국,https://kr.indeed.com/viewjob?jk=cf99a4662ad1c936
"스팸 및 어뷰징 분석/대응(서버개발, 머신러닝)",카카오,성남 판교역,https://kr.indeed.com/viewjob?jk=8e8514f7d5b659f6
[생산개발부문] 생산기술(선행/양산) (일반직)[신입],현대자동차그룹,대한민국,https://kr.indeed.com/viewjob?jk=b2fdcfd2404cca0b
"Game Operations Specialist, Pico",ByteDance,서울,https://kr.indeed.com/viewjob?jk=f7e1a723c4af504f
[AIRS] 모빌리티 서비스 데이터 개발[연구원],현대자동차그룹,서울 강남구,https://kr.indeed.com/viewjob?jk=0c5df0ca71d97c57
"Algorithm Engineer, Evaluation (Seoul)",StradVision,서울,https://kr.indeed.com/viewjob?jk=c1cbb2c5e50687ae
Data Analyst,Toss,서울,https://kr.indeed.com/viewjob?jk=908837db33774c3e
Python Programmer,Mofac,서울 서초구,https://kr.indeed.com/viewjob?jk=df21e3bb5d773616
경력사원 (Digital Transformation 분야),LG이노텍,경상북도 구미,https://kr.indeed.com/viewjob?jk=c683826205f58124
"Dashboard Developer, Lead",Booz Allen Hamilton,경기도 평택,https://kr.indeed.com/viewjob?jk=4e56a593522abc43
Cloud 부문,한화그룹,서울,https://kr.indeed.com/viewjob?jk=9f6dc16fa5686f8d
"Data Center Operations Engineer, DCO (Data Center Operations)",Amzn Corporate Services Korea,서울,https://kr.indeed.com/viewjob?jk=0fcc23b69afc22bb
KAIST 문화기술연구소 비주얼미디어연구실(노준용 교수) 연수연구원(Post-doc) 모집 공고,카이스트,대전 유성구,https://kr.indeed.com/viewjob?jk=ce90ce8908071fe6
Shaping the future of healthcare,지멘스헬시니어스,성남 분당구,https://kr.indeed.com/viewjob?jk=46642ad103af4997
"Analytics Manager, APAC, Global Supply Analytics",Criteo,서울,https://kr.indeed.com/viewjob?jk=b34a6460c9df219a
전문연구요원 (병역특례) 수시 (AI / SW 분야),딥엑스,성남 분당구,https://kr.indeed.com/viewjob?jk=d83fc0dd2641f483
데이터분석 전문가 모집,11번가,서울 남대문로5가,https://kr.indeed.com/viewjob?jk=e6f79134827d23a7
"[대기업] 딥러닝 (AI, 영상인식) 전문가 (석박사급)",비에이블컨설팅그룹,서울,https://kr.indeed.com/viewjob?jk=dae93b625a34beaa
[주식회사 아크릴] 개발자 정규직 모집,주식회사 아크릴 관심기업,서울 청담동,https://kr.indeed.com/viewjob?jk=13db949120fc8e68
퀀트운용팀 (사원-대리급),신한자산운용,대한민국,https://kr.indeed.com/viewjob?jk=fb7a9b046899b406
Python 분석 인원 정규직 채용,(주)스마트모빌러티 관심기업,서울 휘경동,https://kr.indeed.com/viewjob?jk=5e761f105a377ae8
데이터표준품질부문 경력직 (정규직),한국정보기술단,서울 강남구,https://kr.indeed.com/viewjob?jk=cb63641cc4abe8f0
빅데이터 플랫폼(인프라) 운영 담당자 영입,카카오페이증권,성남 분당구,https://kr.indeed.com/viewjob?jk=7d25ed345d03c120
2022년 ICT이노베이션스퀘어 인공지능(AI)/블록체인 3기 교육생,한국정보기술서비스산업협회,서울,https://kr.indeed.com/viewjob?jk=c47568a5a71d438e
[CA] 딥러닝 엔지니어,한국카카오은행,성남 분당구,https://kr.indeed.com/viewjob?jk=b681bace200fa694
공통 데이터엔지니어(경력),코나아이,서울 영등포구,https://kr.indeed.com/viewjob?jk=c8de8ab0691de534
[SuperLabs] AI 개발자,스노우,성남 분당구,https://kr.indeed.com/viewjob?jk=a0174d4b28f83aa4
ESG Research Intern,MSCI Inc,서울,https://kr.indeed.com/viewjob?jk=eda98fd242fe2e6b
상점 계약 운영기획 담당자,메쉬코리아,서울 강남구,https://kr.indeed.com/viewjob?jk=90b2acb779b19c58
웹시스템 및 솔루션 분야 프로그래머 및 웹퍼블리셔,위더스이십일,서울 금천구,https://kr.indeed.com/viewjob?jk=8e60094702b4fe05
[진행중] MyData사업부 전문직(데이터 사이언티스트) 채용공고,우리은행,서울 회현동,https://kr.indeed.com/viewjob?jk=b17c4bc74e4c9973
"JAVA, Python, R, C, C++ 외 신입/경력 개발자 정규직",이지서티,서울 강남구,https://kr.indeed.com/viewjob?jk=1534f657f0bb8377
NPU 런타임 SW 엔지니어,딥엑스,성남 분당구,https://kr.indeed.com/viewjob?jk=35c2ac41489508c1
Technical Trainer - Amazon Web Services,Amazon Web Services Korea LLC,서울,https://kr.indeed.com/viewjob?jk=ef61cf260c21d2f0
Vision Deep Learning Engineer,인터마인즈,성남 분당구,https://kr.indeed.com/viewjob?jk=5bbdccf1a8874279
AI Research Engineer Intern,Intel,서울,https://kr.indeed.com/viewjob?jk=ad695cb2c767be8b
TOAST CAM AI 개발,NHN,성남 판교역,https://kr.indeed.com/viewjob?jk=55e2f1523d6bd078
Data Engineer 신입사원,플리토,서울 강남구,https://kr.indeed.com/viewjob?jk=5ab0b45dfa93411b
DBA,Toss,서울,https://kr.indeed.com/viewjob?jk=1654fcd801c4dca6
Korean Speaking Mentors (Independent Contractor): AI Programming with Python Mentor & Project Reviewer,Udacity,서울,https://kr.indeed.com/viewjob?jk=f0d5f3fa633e9016
Recruitment for RTL Verification Engineer,Harman International,서울,https://kr.indeed.com/viewjob?jk=3eb23bfb57005adf
[Audit] ERP(SAP) 전문가 채용,삼정 KPMG,서울 강남구,https://kr.indeed.com/viewjob?jk=4ed729faa50d77b2
[11번가] 데이터 아키텍처 분야,십일번가,서울 중구,https://kr.indeed.com/viewjob?jk=5da880ec62889daf
"Customer Engineer, Data Analytics, Google Cloud",Google,서울,https://kr.indeed.com/viewjob?jk=4800ed0bd1febca9
"Actuary, IFRS 17 & K-ICS & Valuation",Munich Re,서울,https://kr.indeed.com/viewjob?jk=4913ff12c6e9d03d
2022년 7월 경력사원 (품질),LG에너지솔루션,충청북도 청주,https://kr.indeed.com/viewjob?jk=04d60adf36c8602d
데이터 서비스/플랫폼 개발,NHN,성남 판교역,https://kr.indeed.com/viewjob?jk=031eec3794f09645
